year,industry1,industry2,incidence_of_retrenchment
1998,manufacturing,"food, beverages and tobacco",15.4
1998,manufacturing,textile and wearing apparel,31.1
1998,manufacturing,paper products and publishing,27
1998,manufacturing,petroleum and chemical products,30.1
1998,manufacturing,rubber and plastic products,62.3
1998,manufacturing,fabricated metal products,32.4
1998,manufacturing,machinery and equipment,47.7
1998,manufacturing,electrical products,118.7
1998,manufacturing,electronic products,112.9
1998,manufacturing,medical and precision instruments,26.6
1998,manufacturing,transport equipment,6
1998,manufacturing,other manufacturing industries,113.6
1998,construction,construction,13
1998,services,wholesale and retail trade,32.7
1998,services,hotels and restaurants,27.7
1998,services,"transport, storage and communications",8.7
1998,services,financial intermediation,22.9
1998,services,business and real estate services,18.4
1998,services,"community, social and personal services",5.3
1998,others,others,13.6
1999,manufacturing,"food, beverages and tobacco",34.7
1999,manufacturing,textile and wearing apparel,3.1
1999,manufacturing,paper products and publishing,8
1999,manufacturing,petroleum and chemical products,18
1999,manufacturing,rubber and plastic products,18.3
1999,manufacturing,fabricated metal products,8.3
1999,manufacturing,machinery and equipment,14.1
1999,manufacturing,electrical products,31.5
1999,manufacturing,electronic products,56.2
1999,manufacturing,medical and precision instruments,8.9
1999,manufacturing,transport equipment,14.4
1999,manufacturing,other manufacturing industries,10.4
1999,construction,construction,5
1999,services,wholesale and retail trade,19.9
1999,services,hotels and restaurants,11.3
1999,services,"transport, storage and communications",6.5
1999,services,financial intermediation,22.6
1999,services,business and real estate services,12.2
1999,services,"community, social and personal services",3.3
1999,others,others,0.8
2000,manufacturing,"food, beverages and tobacco",8.1
2000,manufacturing,paper products and printing,0.7
2000,manufacturing,"petroleum, chemical and pharmaceutical products",11
2000,manufacturing,rubber and plastic products,4
2000,manufacturing,fabricated metal products,8
2000,manufacturing,machinery and equipment,9
2000,manufacturing,electrical products,6.9
2000,manufacturing,electronic products,67.7
2000,manufacturing,medical and precision instruments,0.9
2000,manufacturing,transport equipment,5.4
2000,manufacturing,other manufacturing industries,11.4
2000,construction,construction,2.3
2000,services,wholesale and retail trade,7.9
2000,services,transport and storage,7.1
2000,services,hotels and restaurants,8
2000,services,information and communications,12.1
2000,services,financial services,13.2
2000,services,real estate and leasing services,1.6
2000,services,professional services,10.3
2000,services,administrative and support services,1.4
2000,services,"community, social and personal services",1.4
2000,others,others,-
2001,manufacturing,"food, beverages and tobacco",8
2001,manufacturing,paper products and printing,8.7
2001,manufacturing,"petroleum, chemical and pharmaceutical products",16.2
2001,manufacturing,rubber and plastic products,79.3
2001,manufacturing,fabricated metal products,24.7
2001,manufacturing,machinery and equipment,33.1
2001,manufacturing,electrical products,64.4
2001,manufacturing,electronic products,104
2001,manufacturing,medical and precision instruments,27
2001,manufacturing,transport equipment,4.8
2001,manufacturing,other manufacturing industries,32.9
2001,construction,construction,5.9
2001,services,wholesale and retail trade,21.9
2001,services,transport and storage,11.5
2001,services,hotels and restaurants,4.6
2001,services,information and communications,44.4
2001,services,financial services,34.3
2001,services,real estate and leasing services,3.7
2001,services,professional services,31.2
2001,services,administrative and support services,13.8
2001,services,"community, social and personal services",2.6
2001,others,others,18.7
2002,manufacturing,"food, beverages and tobacco",5.5
2002,manufacturing,paper products and printing,29.6
2002,manufacturing,"petroleum, chemical and pharmaceutical products",12.6
2002,manufacturing,rubber and plastic products,40.5
2002,manufacturing,fabricated metal products,44.6
2002,manufacturing,machinery and equipment,28.3
2002,manufacturing,electrical products,96.4
2002,manufacturing,electronic products,46.8
2002,manufacturing,medical and precision instruments,10.8
2002,manufacturing,transport equipment,4.8
2002,manufacturing,other manufacturing industries,23.6
2002,construction,construction,7
2002,services,wholesale and retail trade,17.4
2002,services,transport and storage,5.5
2002,services,hotels and restaurants,6.6
2002,services,information and communications,45.2
2002,services,financial services,40.7
2002,services,real estate and leasing services,7.5
2002,services,professional services,18.3
2002,services,administrative and support services,5
2002,services,"community, social and personal services",2.7
2002,others,others,15.6
2003,manufacturing,"food, beverages and tobacco",11.7
2003,manufacturing,paper products and printing,15.4
2003,manufacturing,"petroleum, chemical and pharmaceutical products",13.1
2003,manufacturing,rubber and plastic products,33.1
2003,manufacturing,fabricated metal products,21.6
2003,manufacturing,machinery and equipment,14.4
2003,manufacturing,electrical products,32.3
2003,manufacturing,electronic products,40.4
2003,manufacturing,medical and precision instruments,23.4
2003,manufacturing,transport equipment,8.1
2003,manufacturing,other manufacturing industries,20.3
2003,construction,construction,5.7
2003,services,wholesale and retail trade,18.1
2003,services,transport and storage,22
2003,services,hotels and restaurants,7.3
2003,services,information and communications,23.5
2003,services,financial services,23.3
2003,services,real estate and leasing services,4.5
2003,services,professional services,14.2
2003,services,administrative and support services,9.5
2003,services,"community, social and personal services",3.2
2003,others,others,23.2
2004,manufacturing,"food, beverages and tobacco",9.8
2004,manufacturing,paper products and printing,4
2004,manufacturing,"petroleum, chemical and pharmaceutical products",23.5
2004,manufacturing,rubber and plastic products,23.7
2004,manufacturing,fabricated metal products,9.1
2004,manufacturing,machinery and equipment,9.8
2004,manufacturing,electrical products,48.8
2004,manufacturing,electronic products,19.3
2004,manufacturing,medical and precision instruments,15.8
2004,manufacturing,transport equipment,2.5
2004,manufacturing,other manufacturing industries,25.5
2004,construction,construction,3.3
2004,services,wholesale and retail trade,8.9
2004,services,transport and storage,11.9
2004,services,hotels and restaurants,9.7
2004,services,information and communications,13.2
2004,services,financial services,14.3
2004,services,real estate and leasing services,3
2004,services,professional services,4.9
2004,services,administrative and support services,3.5
2004,services,"community, social and personal services",3.8
2004,others,others,28.3
2005,manufacturing,"food, beverages and tobacco",5.8
2005,manufacturing,paper products and printing,4.4
2005,manufacturing,"petroleum, chemical and pharmaceutical products",6.9
2005,manufacturing,rubber and plastic products,39.2
2005,manufacturing,fabricated metal products,13.9
2005,manufacturing,machinery and equipment,9.9
2005,manufacturing,electrical products,48
2005,manufacturing,electronic products,43.6
2005,manufacturing,medical and precision instruments,8.3
2005,manufacturing,transport equipment,0.4
2005,manufacturing,other manufacturing industries,26.5
2005,construction,construction,4.3
2005,services,wholesale and retail trade,6.5
2005,services,transport and storage,3.2
2005,services,hotels and restaurants,1.3
2005,services,information and communications,16.3
2005,services,financial services,8.9
2005,services,real estate and leasing services,2.6
2005,services,professional services,5.9
2005,services,administrative and support services,2
2005,services,"community, social and personal services",3.6
2005,others,others,1.4
2006,manufacturing,"food, beverages and tobacco",8.4
2006,manufacturing,"paper,rubber,plastic products and printing",8.5
2006,manufacturing,"petroleum, chemical and pharmaceutical products",5.5
2006,manufacturing,"fabricated metal products, machinery and equipment",12.7
2006,manufacturing,"electronic, computer and optical products",62.9
2006,manufacturing,transport equipment,1.4
2006,manufacturing,other manufacturing industries,14.8
2006,construction,construction,3.5
2006,services,wholesale and retail trade,6.6
2006,services,transportation and storage,4.2
2006,services,accommodation and food services,3.4
2006,services,information and communications,14.4
2006,services,financial and insurance services,4.6
2006,services,real estate services,3.6
2006,services,professional services,4
2006,services,administrative and support services,4
2006,services,"community, social and personal services",1.9
2006,others,others,4.8
2007,manufacturing,"food, beverages and tobacco",7.7
2007,manufacturing,"paper,rubber,plastic products and printing",14.1
2007,manufacturing,"petroleum, chemical and pharmaceutical products",2.3
2007,manufacturing,"fabricated metal products, machinery and equipment",11.2
2007,manufacturing,"electronic, computer and optical products",22.9
2007,manufacturing,transport equipment,1.1
2007,manufacturing,other manufacturing industries,46.7
2007,construction,construction,0.5
2007,services,wholesale and retail trade,7.4
2007,services,transportation and storage,2.6
2007,services,accommodation and food services,4.4
2007,services,information and communications,5.8
2007,services,financial and insurance services,1.8
2007,services,real estate services,0.2
2007,services,professional services,3.7
2007,services,administrative and support services,2.2
2007,services,"community, social and personal services",1.3
2007,others,others,1.4
2008,manufacturing,"food, beverages and tobacco",3.8
2008,manufacturing,"paper,rubber,plastic products and printing",25.8
2008,manufacturing,"petroleum, chemical and pharmaceutical products",8.4
2008,manufacturing,"fabricated metal products, machinery and equipment",18.9
2008,manufacturing,"electronic, computer and optical products",51.6
2008,manufacturing,transport equipment,7.6
2008,manufacturing,other manufacturing industries,36.7
2008,construction,construction,2.8
2008,services,wholesale and retail trade,8.3
2008,services,transportation and storage,5.3
2008,services,accommodation and food services,1.8
2008,services,information and communications,9.3
2008,services,financial and insurance services,14.6
2008,services,real estate services,1.6
2008,services,professional services,7.5
2008,services,administrative and support services,4.8
2008,services,"community, social and personal services",2.6
2008,others,others,2.3
2009,manufacturing,"food, beverages and tobacco",0.6
2009,manufacturing,"paper,rubber,plastic products and printing",28.1
2009,manufacturing,"petroleum, chemical and pharmaceutical products",9.9
2009,manufacturing,"fabricated metal products, machinery and equipment",31.4
2009,manufacturing,"electronic, computer and optical products",76.3
2009,manufacturing,transport equipment,15.3
2009,manufacturing,other manufacturing industries,43.8
2009,construction,construction,4.1
2009,services,wholesale and retail trade,14.3
2009,services,transportation and storage,9.2
2009,services,accommodation and food services,2.2
2009,services,information and communications,13.6
2009,services,financial and insurance services,18.3
2009,services,real estate services,3
2009,services,professional services,12.5
2009,services,administrative and support services,8.1
2009,services,"community, social and personal services",1
2009,others,others,4.6
2010,manufacturing,"food, beverages and tobacco",0.8
2010,manufacturing,"paper,rubber,plastic products and printing",16.5
2010,manufacturing,"petroleum, chemical and pharmaceutical products",6.7
2010,manufacturing,"fabricated metal products, machinery and equipment",15.7
2010,manufacturing,"electronic, computer and optical products",19.2
2010,manufacturing,transport equipment,3.1
2010,manufacturing,other manufacturing industries,7.3
2010,construction,construction,5.6
2010,services,wholesale and retail trade,6.2
2010,services,transportation and storage,2.6
2010,services,accommodation and food services,1.4
2010,services,information and communications,6.7
2010,services,financial and insurance services,6
2010,services,real estate services,2.6
2010,services,professional services,7
2010,services,administrative and support services,2.9
2010,services,"community, social and personal services",1
2010,others,others,-
2011,manufacturing,"food, beverages and tobacco",0.4
2011,manufacturing,"paper,rubber,plastic products and printing",23.3
2011,manufacturing,"petroleum, chemical and pharmaceutical products",13.4
2011,manufacturing,"fabricated metal products, machinery and equipment",6.3
2011,manufacturing,"electronic, computer and optical products",22.6
2011,manufacturing,transport equipment,2
2011,manufacturing,other manufacturing industries,16.7
2011,construction,construction,4.2
2011,services,wholesale and retail trade,5.1
2011,services,transportation and storage,1.8
2011,services,accommodation and food services,3.4
2011,services,information and communications,8.3
2011,services,financial and insurance services,7.5
2011,services,real estate services,2.5
2011,services,professional services,8.2
2011,services,administrative and support services,1.1
2011,services,"community, social and personal services",0.9
2011,others,others,2.5
2012,manufacturing,"food, beverages and tobacco",1
2012,manufacturing,"paper,rubber,plastic products and printing",21.2
2012,manufacturing,"petroleum, chemical and pharmaceutical products",9.5
2012,manufacturing,"fabricated metal products, machinery and equipment",7
2012,manufacturing,"electronic, computer and optical products",20.4
2012,manufacturing,transport equipment,1.4
2012,manufacturing,other manufacturing industries,14.3
2012,construction,construction,2.4
2012,services,wholesale and retail trade,8.5
2012,services,transportation and storage,2
2012,services,accommodation and food services,2.5
2012,services,information and communications,11.6
2012,services,financial and insurance services,11.6
2012,services,real estate services,1.1
2012,services,professional services,9.7
2012,services,administrative and support services,2.6
2012,services,"community, social and personal services",0.8
2012,others,others,0.5
2013,manufacturing,"food, beverages and tobacco",1.3
2013,manufacturing,"paper,rubber,plastic products and printing",15.1
2013,manufacturing,"petroleum, chemical and pharmaceutical products",8.4
2013,manufacturing,"fabricated metal products, machinery and equipment",6.5
2013,manufacturing,"electronic, computer and optical products",26.7
2013,manufacturing,transport equipment,2.1
2013,manufacturing,other manufacturing industries,30.6
2013,construction,construction,3.8
2013,services,wholesale and retail trade,5.8
2013,services,transportation and storage,3.1
2013,services,accommodation and food services,1.9
2013,services,information and communications,13
2013,services,financial and insurance services,10.4
2013,services,real estate services,0.5
2013,services,professional services,7.5
2013,services,administrative and support services,1.9
2013,services,"community, social and personal services",0.6
2013,others,others,0.6
2014,manufacturing,"food, beverages and tobacco",4.1
2014,manufacturing,"paper,rubber,plastic products and printing",7.3
2014,manufacturing,"petroleum, chemical and pharmaceutical products",5.8
2014,manufacturing,"fabricated metal products, machinery and equipment",12.5
2014,manufacturing,"electronic, computer and optical products",15.9
2014,manufacturing,transport equipment,4.7
2014,manufacturing,other manufacturing industries,11.9
2014,construction,construction,5.3
2014,services,wholesale and retail trade,9.5
2014,services,transportation and storage,3.2
2014,services,accommodation and food services,3.1
2014,services,information and communications,12
2014,services,financial and insurance services,10.6
2014,services,real estate services,1.6
2014,services,professional services,11.6
2014,services,administrative and support services,2.9
2014,services,"community, social and personal services",0.4
2014,others,others,0.4
2015,manufacturing,"food, beverages and tobacco",2.7
2015,manufacturing,"paper,rubber,plastic products and printing",25.6
2015,manufacturing,"petroleum, chemical and pharmaceutical products",11.8
2015,manufacturing,"fabricated metal products, machinery and equipment",17.4
2015,manufacturing,"electronic, computer and optical products",19.4
2015,manufacturing,transport equipment,6.4
2015,manufacturing,other manufacturing industries,6.4
2015,construction,construction,5.4
2015,services,wholesale and retail trade,9.3
2015,services,transportation and storage,4.6
2015,services,accommodation and food services,1.6
2015,services,information and communications,10.1
2015,services,financial and insurance services,13.5
2015,services,real estate services,0.9
2015,services,professional services,17.2
2015,services,administrative and support services,2.9
2015,services,"community, social and personal services",0.7
2015,others,others,3.8
2016,manufacturing,"food, beverages and tobacco",10.6
2016,manufacturing,"paper,rubber,plastic products and printing",19.7
2016,manufacturing,"petroleum, chemical and pharmaceutical products",12.8
2016,manufacturing,"fabricated metal products, machinery and equipment",25.4
2016,manufacturing,"electronic, computer and optical products",21.9
2016,manufacturing,transport equipment,8.2
2016,manufacturing,other manufacturing industries,10.4
2016,construction,construction,5.7
2016,services,wholesale and retail trade,10
2016,services,transportation and storage,5.7
2016,services,accommodation and food services,2.5
2016,services,information and communications,13
2016,services,financial and insurance services,17.1
2016,services,real estate services,1.6
2016,services,professional services,20.5
2016,services,administrative and support services,2.3
2016,services,"community, social and personal services",2.4
2016,others,others,4.5
2017,manufacturing,"food, beverages and tobacco",6.1
2017,manufacturing,"paper,rubber,plastic products and printing",24.3
2017,manufacturing,"petroleum, chemical and pharmaceutical products",10.4
2017,manufacturing,"fabricated metal products, machinery and equipment",11
2017,manufacturing,"electronic, computer and optical products",12.4
2017,manufacturing,transport equipment,10.4
2017,manufacturing,other manufacturing industries,3.9
2017,construction,construction,6.7
2017,services,wholesale and retail trade,9.1
2017,services,transportation and storage,5.7
2017,services,accommodation and food services,3.4
2017,services,information and communications,12
2017,services,financial and insurance services,14.1
2017,services,real estate services,1.4
2017,services,professional services,13.4
2017,services,administrative and support services,2.7
2017,services,"community, social and personal services",1.3
2017,others,others,0.7
2018,manufacturing,"food, beverages and tobacco",5.9
2018,manufacturing,"paper,rubber,plastic products and printing",8.7
2018,manufacturing,"petroleum, chemical and pharmaceutical products",6.1
2018,manufacturing,"fabricated metal products, machinery and equipment",10.7
2018,manufacturing,"electronic, computer and optical products",8.6
2018,manufacturing,transport equipment,4.2
2018,manufacturing,other manufacturing industries,5.1
2018,construction,construction,4.1
2018,services,wholesale and retail trade,7.4
2018,services,transportation and storage,4.4
2018,services,accommodation and food services,2.5
2018,services,information and communications,13.1
2018,services,financial and insurance services,9.6
2018,services,real estate services,1.9
2018,services,professional services,8.4
2018,services,administrative and support services,1.4
2018,services,"community, social and personal services",0.8
2018,others,others,-
2019,manufacturing,"food, beverages and tobacco",3
2019,manufacturing,"paper,rubber,plastic products and printing",9.3
2019,manufacturing,"petroleum, chemical and pharmaceutical products",6.6
2019,manufacturing,"fabricated metal products, machinery and equipment",8.9
2019,manufacturing,"electronic, computer and optical products",15.3
2019,manufacturing,transport equipment,1.7
2019,manufacturing,other manufacturing industries,10
2019,construction,construction,3.1
2019,services,wholesale and retail trade,8.7
2019,services,transportation and storage,5.2
2019,services,accommodation and food services,1.2
2019,services,information and communications,8.1
2019,services,financial and insurance services,8.6
2019,services,real estate services,4.7
2019,services,professional services,9.2
2019,services,administrative and support services,1.7
2019,services,"community, social and personal services",0.8
2019,others,others,1.4
2020,manufacturing,"food, beverages and tobacco",10.9
2020,manufacturing,"paper,rubber,plastic products and printing",13.4
2020,manufacturing,"petroleum, chemical and pharmaceutical products",5.2
2020,manufacturing,"fabricated metal products, machinery and equipment",17.4
2020,manufacturing,"electronic, computer and optical products",11.2
2020,manufacturing,transport equipment,25.5
2020,manufacturing,other manufacturing industries,19.1
2020,construction,construction,3.7
2020,services,wholesale and retail trade,22
2020,services,transportation and storage,18.9
2020,services,accommodation and food services,13.3
2020,services,information and communications,16.4
2020,services,financial and insurance services,15.1
2020,services,real estate services,3.3
2020,services,professional services,16.4
2020,services,administrative and support services,10.7
2020,services,"community, social and personal services",7.5
2020,others,others,1.8
2021,manufacturing,"food, beverages and tobacco",3.5
2021,manufacturing,"paper,rubber,plastic products and printing",4.6
2021,manufacturing,"petroleum, chemical and pharmaceutical products",19
2021,manufacturing,"fabricated metal products, machinery and equipment",2.2
2021,manufacturing,"electronic, computer and optical products",12.3
2021,manufacturing,transport equipment,2.6
2021,manufacturing,other manufacturing industries,2.3
2021,construction,construction,1.1
2021,services,wholesale and retail trade,6.9
2021,services,transportation and storage,4.1
2021,services,accommodation and food services,1.5
2021,services,information and communications,13.6
2021,services,financial and insurance services,10.2
2021,services,real estate services,2.8
2021,services,professional services,7.2
2021,services,administrative and support services,2.8
2021,services,"community, social and personal services",0.5
2021,others,others,2.4
